{"cameraMode":{"drawMode":0,"name":"Shaded","section":"Shading Mode"},"sceneLighting":false,"audioPlay":false,"sceneViewState":{"m_AlwaysRefresh":false,"showFog":true,"showSkybox":false,"showFlares":true,"showImageEffects":true,"showParticleSystems":true,"showVisualEffectGraphs":true,"m_FxEnabled":true},"in2DMode":false,"pivot":{"x":5.960464477539063e-8,"y":1.6374999284744263,"z":-1.1920928955078126e-7},"rotation":{"x":0.3022831678390503,"y":0.0485866516828537,"z":-0.015429768711328507,"w":0.9518530368804932},"size":1.7836496829986573,"orthographic":false}