{"cameraMode":{"drawMode":0,"name":"Shaded","section":"Shading Mode"},"sceneLighting":true,"audioPlay":false,"sceneViewState":{"m_AlwaysRefresh":false,"showFog":true,"showSkybox":true,"showFlares":true,"showImageEffects":true,"showParticleSystems":true,"showVisualEffectGraphs":true,"m_FxEnabled":true},"in2DMode":false,"pivot":{"x":-3.66036319732666,"y":20.78415870666504,"z":-5.233551025390625},"rotation":{"x":0.2710059583187103,"y":-0.020212287083268167,"z":0.005691961385309696,"w":0.9623483419418335},"size":54.911170959472659,"orthographic":true}