{"cameraMode":{"drawMode":0,"name":"Shaded","section":"Shading Mode"},"sceneLighting":true,"audioPlay":false,"sceneViewState":{"m_AlwaysRefresh":false,"showFog":true,"showSkybox":true,"showFlares":true,"showImageEffects":true,"showParticleSystems":true,"showVisualEffectGraphs":true,"m_FxEnabled":true},"in2DMode":false,"pivot":{"x":2.390132427215576,"y":4.194772243499756,"z":14.89947509765625},"rotation":{"x":0.007490191608667374,"y":0.05097674950957298,"z":-0.00038233501254580915,"w":0.9986729621887207},"size":11.23697566986084,"orthographic":true}